[
  {
    "StudentName": "Student Name ",
    "ClassName": "Class Name",
    "StaffName": "Staff Name"
  },
  {
    "StudentName": "Ram",
    "ClassName": "Tamil",
    "StaffName": "Mani"
  },
  {
    "StudentName": "Dass",
    "ClassName": "Tamil",
    "StaffName": "Mani"
  },
  {
    "StudentName": "Kali",
    "ClassName": "English",
    "StaffName": "Raja"
  },
  {
    "StudentName": "Sakthi",
    "ClassName": "Computer",
    "StaffName": "Raja"
  },
  {
    "StudentName": "Steve",
    "ClassName": "English",
    "StaffName": "Kavin"
  }
]